[{"id":"d12977e6267c4a41ba31f7e788d548ed","path":"/exploration-missing-values.ipynb"},{"id":"37e3f3def95c4595af50dee8123080ff","path":"/Init notebook.ipynb"},{"id":"9b08b90b80ce484a830504e9ff4b3c22","path":"/live-exploration-missing-values.ipynb"},{"id":"fcf55bb6-dea9-4cf1-b791-d2a142f8a18a","path":"/requirements.txt"},{"id":"cba800f5-41af-46c4-92ba-9011ab7220e9","path":"/data/missing_data_enconding_example.csv"},{"id":"0cac11c3-d117-43f4-afb0-2a9660ff02cf","path":"/data/riskfactors.rda"},{"id":"b59c6a6c-ac14-4073-9e96-ab63072f8e01","path":"/data/oceanbuoys.rda"},{"id":"227fd77e-105a-431d-b832-2c50368bca1b","path":"/data/pima-indians-diabetes.csv"},{"id":"bd8fa1f1842746a7bf53bce93963fa01","path":"/pandas-missing-extension.ipynb"}]